Workbook

Sheet DuLieu
A1: STT | B1: Thời gian trả lời | C1: Giới tính | D1: Nghề nghiệp | E1: C1 | F1: C2 | G1: C3 | H1: C4 | I1: C5 | J1: C6 | K1: C7 | L1: C8 | M1: C9 | N1: C10 | O1: C11 | P1: C12
A503: Dán dữ liệu export từ Google Form từ dòng 2. Cột C1..C12 là điểm Likert 1-5 của từng tiêu chí (đổi tên cột khớp thứ tự câu hỏi trong Form).

Sheet PhanTich
A1: Ngưỡng giữ tiêu chí (chỉnh được): | C1: 3.5
A2: Tiêu chí có Mean ≥ ngưỡng thì GIỮ, ngược lại LOẠI. Ngưỡng phải kèm nguồn trích dẫn trong báo cáo (task T3.6).
A4: Mã | B4: Tên tiêu chí (điền tay) | C4: N | D4: Mean | E4: SD | F4: Điểm 1 | G4: Điểm 2 | H4: Điểm 3 | I4: Điểm 4 | J4: Điểm 5 | K4: Kết luận
A5: C1 | C5: =COUNT(DuLieu!E2:E501) | D5: =IFERROR(AVERAGE(DuLieu!E2:E501),"") | E5: =IFERROR(STDEV.S(DuLieu!E2:E501),"") | F5: =COUNTIF(DuLieu!E2:E501,1) | G5: =COUNTIF(DuLieu!E2:E501,2) | H5: =COUNTIF(DuLieu!E2:E501,3) | I5: =COUNTIF(DuLieu!E2:E501,4) | J5: =COUNTIF(DuLieu!E2:E501,5) | K5: =IF(D5="","",IF(D5>=$C$1,"GIỮ","LOẠI"))
A6: C2 | C6: =COUNT(DuLieu!F2:F501) | D6: =IFERROR(AVERAGE(DuLieu!F2:F501),"") | E6: =IFERROR(STDEV.S(DuLieu!F2:F501),"") | F6: =COUNTIF(DuLieu!F2:F501,1) | G6: =COUNTIF(DuLieu!F2:F501,2) | H6: =COUNTIF(DuLieu!F2:F501,3) | I6: =COUNTIF(DuLieu!F2:F501,4) | J6: =COUNTIF(DuLieu!F2:F501,5) | K6: =IF(D6="","",IF(D6>=$C$1,"GIỮ","LOẠI"))
A7: C3 | C7: =COUNT(DuLieu!G2:G501) | D7: =IFERROR(AVERAGE(DuLieu!G2:G501),"") | E7: =IFERROR(STDEV.S(DuLieu!G2:G501),"") | F7: =COUNTIF(DuLieu!G2:G501,1) | G7: =COUNTIF(DuLieu!G2:G501,2) | H7: =COUNTIF(DuLieu!G2:G501,3) | I7: =COUNTIF(DuLieu!G2:G501,4) | J7: =COUNTIF(DuLieu!G2:G501,5) | K7: =IF(D7="","",IF(D7>=$C$1,"GIỮ","LOẠI"))
A8: C4 | C8: =COUNT(DuLieu!H2:H501) | D8: =IFERROR(AVERAGE(DuLieu!H2:H501),"") | E8: =IFERROR(STDEV.S(DuLieu!H2:H501),"") | F8: =COUNTIF(DuLieu!H2:H501,1) | G8: =COUNTIF(DuLieu!H2:H501,2) | H8: =COUNTIF(DuLieu!H2:H501,3) | I8: =COUNTIF(DuLieu!H2:H501,4) | J8: =COUNTIF(DuLieu!H2:H501,5) | K8: =IF(D8="","",IF(D8>=$C$1,"GIỮ","LOẠI"))
A9: C5 | C9: =COUNT(DuLieu!I2:I501) | D9: =IFERROR(AVERAGE(DuLieu!I2:I501),"") | E9: =IFERROR(STDEV.S(DuLieu!I2:I501),"") | F9: =COUNTIF(DuLieu!I2:I501,1) | G9: =COUNTIF(DuLieu!I2:I501,2) | H9: =COUNTIF(DuLieu!I2:I501,3) | I9: =COUNTIF(DuLieu!I2:I501,4) | J9: =COUNTIF(DuLieu!I2:I501,5) | K9: =IF(D9="","",IF(D9>=$C$1,"GIỮ","LOẠI"))
A10: C6 | C10: =COUNT(DuLieu!J2:J501) | D10: =IFERROR(AVERAGE(DuLieu!J2:J501),"") | E10: =IFERROR(STDEV.S(DuLieu!J2:J501),"") | F10: =COUNTIF(DuLieu!J2:J501,1) | G10: =COUNTIF(DuLieu!J2:J501,2) | H10: =COUNTIF(DuLieu!J2:J501,3) | I10: =COUNTIF(DuLieu!J2:J501,4) | J10: =COUNTIF(DuLieu!J2:J501,5) | K10: =IF(D10="","",IF(D10>=$C$1,"GIỮ","LOẠI"))
A11: C7 | C11: =COUNT(DuLieu!K2:K501) | D11: =IFERROR(AVERAGE(DuLieu!K2:K501),"") | E11: =IFERROR(STDEV.S(DuLieu!K2:K501),"") | F11: =COUNTIF(DuLieu!K2:K501,1) | G11: =COUNTIF(DuLieu!K2:K501,2) | H11: =COUNTIF(DuLieu!K2:K501,3) | I11: =COUNTIF(DuLieu!K2:K501,4) | J11: =COUNTIF(DuLieu!K2:K501,5) | K11: =IF(D11="","",IF(D11>=$C$1,"GIỮ","LOẠI"))
A12: C8 | C12: =COUNT(DuLieu!L2:L501) | D12: =IFERROR(AVERAGE(DuLieu!L2:L501),"") | E12: =IFERROR(STDEV.S(DuLieu!L2:L501),"") | F12: =COUNTIF(DuLieu!L2:L501,1) | G12: =COUNTIF(DuLieu!L2:L501,2) | H12: =COUNTIF(DuLieu!L2:L501,3) | I12: =COUNTIF(DuLieu!L2:L501,4) | J12: =COUNTIF(DuLieu!L2:L501,5) | K12: =IF(D12="","",IF(D12>=$C$1,"GIỮ","LOẠI"))
A13: C9 | C13: =COUNT(DuLieu!M2:M501) | D13: =IFERROR(AVERAGE(DuLieu!M2:M501),"") | E13: =IFERROR(STDEV.S(DuLieu!M2:M501),"") | F13: =COUNTIF(DuLieu!M2:M501,1) | G13: =COUNTIF(DuLieu!M2:M501,2) | H13: =COUNTIF(DuLieu!M2:M501,3) | I13: =COUNTIF(DuLieu!M2:M501,4) | J13: =COUNTIF(DuLieu!M2:M501,5) | K13: =IF(D13="","",IF(D13>=$C$1,"GIỮ","LOẠI"))
A14: C10 | C14: =COUNT(DuLieu!N2:N501) | D14: =IFERROR(AVERAGE(DuLieu!N2:N501),"") | E14: =IFERROR(STDEV.S(DuLieu!N2:N501),"") | F14: =COUNTIF(DuLieu!N2:N501,1) | G14: =COUNTIF(DuLieu!N2:N501,2) | H14: =COUNTIF(DuLieu!N2:N501,3) | I14: =COUNTIF(DuLieu!N2:N501,4) | J14: =COUNTIF(DuLieu!N2:N501,5) | K14: =IF(D14="","",IF(D14>=$C$1,"GIỮ","LOẠI"))
A15: C11 | C15: =COUNT(DuLieu!O2:O501) | D15: =IFERROR(AVERAGE(DuLieu!O2:O501),"") | E15: =IFERROR(STDEV.S(DuLieu!O2:O501),"") | F15: =COUNTIF(DuLieu!O2:O501,1) | G15: =COUNTIF(DuLieu!O2:O501,2) | H15: =COUNTIF(DuLieu!O2:O501,3) | I15: =COUNTIF(DuLieu!O2:O501,4) | J15: =COUNTIF(DuLieu!O2:O501,5) | K15: =IF(D15="","",IF(D15>=$C$1,"GIỮ","LOẠI"))
A16: C12 | C16: =COUNT(DuLieu!P2:P501) | D16: =IFERROR(AVERAGE(DuLieu!P2:P501),"") | E16: =IFERROR(STDEV.S(DuLieu!P2:P501),"") | F16: =COUNTIF(DuLieu!P2:P501,1) | G16: =COUNTIF(DuLieu!P2:P501,2) | H16: =COUNTIF(DuLieu!P2:P501,3) | I16: =COUNTIF(DuLieu!P2:P501,4) | J16: =COUNTIF(DuLieu!P2:P501,5) | K16: =IF(D16="","",IF(D16>=$C$1,"GIỮ","LOẠI"))
