Workbook

Sheet Data
A1: 1. Giá cả (Price) | B1: 2. Sức mạnh vi xử lý (CPU) | C1: 3. Dung lượng bộ nhớ (RAM) | D1: 4. Không gian lưu trữ (SSD) | E1: 5. Màn hình hiển thị (Display) | F1: 6. Trải nghiệm bàn phím (Keyboard) | G1: 7. Thiết kế và Vật liệu vỏ (Design & Shell Material) | H1: 8. Kích thước và Trọng lượng (Portability) | I1: 9. Độ bền và Chống sốc (Durability) | J1: 10. Thời lượng pin (Battery) | K1: 11. Cổng kết nối đa dụng (Ports) | L1: 12. Tương thích phần mềm (Software Compatibility) | M1: 13. Thương hiệu (Brand) | N1: 14. Bảo hành và Hậu mãi (After-sales)
A2: 5 | B2: 4 | C2: 4 | D2: 4 | E2: 3 | F2: 3 | G2: 3 | H2: 4 | I2: 1 | J2: 3 | K2: 3 | L2: 1 | M2: 4 | N2: 4
A3: 5 | B3: 5 | C3: 5 | D3: 5 | E3: 4 | F3: 4 | G3: 4 | H3: 5 | I3: 1 | J3: 5 | K3: 1 | L3: 5 | M3: 4 | N3: 1
A4: 4 | B4: 5 | C4: 3 | D4: 5 | E4: 4 | F4: 4 | G4: 3 | H4: 4 | I4: 3 | J4: 3 | K4: 1 | L4: 1 | M4: 4 | N4: 3
A5: 5 | B5: 3 | C5: 3 | D5: 3 | E5: 2 | F5: 4 | G5: 3 | H5: 4 | I5: 4 | J5: 4 | K5: 5 | L5: 4 | M5: 4 | N5: 3
A6: 5 | B6: 4 | C6: 4 | D6: 4 | E6: 3 | F6: 3 | G6: 3 | H6: 4 | I6: 1 | J6: 5 | K6: 3 | L6: 4 | M6: 4 | N6: 1
A7: 3 | B7: 2 | C7: 2 | D7: 2 | E7: 2 | F7: 2 | G7: 2 | H7: 2 | I7: 2 | J7: 2 | K7: 2 | L7: 3 | M7: 2 | N7: 4
A8: 5 | B8: 1 | C8: 5 | D8: 5 | E8: 1 | F8: 1 | G8: 4 | H8: 5 | I8: 1 | J8: 5 | K8: 1 | L8: 1 | M8: 5 | N8: 1
A9: 1 | B9: 5 | C9: 5 | D9: 5 | E9: 5 | F9: 5 | G9: 1 | H9: 5 | I9: 5 | J9: 5 | K9: 5 | L9: 4 | M9: 5 | N9: 2
A10: 4 | B10: 5 | C10: 4 | D10: 5 | E10: 5 | F10: 1 | G10: 1 | H10: 5 | I10: 1 | J10: 5 | K10: 5 | L10: 2 | M10: 2 | N10: 2
A11: 2 | B11: 3 | C11: 2 | D11: 2 | E11: 2 | F11: 2 | G11: 2 | H11: 4 | I11: 2 | J11: 2 | K11: 5 | L11: 5 | M11: 5 | N11: 5
A12: 1 | B12: 5 | C12: 5 | D12: 5 | E12: 1 | F12: 1 | G12: 1 | H12: 2 | I12: 3 | J12: 4 | K12: 4 | L12: 3 | M12: 2 | N12: 4
A13: 5 | B13: 5 | C13: 4 | D13: 5 | E13: 4 | F13: 2 | G13: 4 | H13: 5 | I13: 1 | J13: 5 | K13: 4 | L13: 1 | M13: 4 | N13: 1
... A85: 5 | B85: 4 | C85: 4 | D85: 2 | E85: 2 | F85: 2 | G85: 4 | H85: 5 | I85: 3 | J85: 5 | K85: 1 | L85: 2 | M85: 4 | N85: 2

Sheet Average
D8: Tiêu chí | E8: Average | F8: Result
D9: {=TRANSPOSE(Data!A1:N1)} -> 1. Giá cả (Price) | E9: =AVERAGE(INDEX(Data!$A:$N,0,ROW()-ROW($D$9)+1)) -> 3.7857143 | F9: =IF(E9>3,"Accept","Reject") -> Accept
D10: 2. Sức mạnh vi xử lý (CPU) | E10: =AVERAGE(INDEX(Data!$A:$N,0,ROW()-ROW($D$9)+1)) -> 3.8571429 | F10: =IF(E10>3,"Accept","Reject") -> Accept
D11: 3. Dung lượng bộ nhớ (RAM) | E11: =AVERAGE(INDEX(Data!$A:$N,0,ROW()-ROW($D$9)+1)) -> 3.9642857 | F11: =IF(E11>3,"Accept","Reject") -> Accept
D12: 4. Không gian lưu trữ (SSD) | E12: =AVERAGE(INDEX(Data!$A:$N,0,ROW()-ROW($D$9)+1)) -> 3.8928571 | F12: =IF(E12>3,"Accept","Reject") -> Accept | H12: Number of Criteria after Survey: | K12: =COUNTIF(F9:F22,"Accept") -> 7
D13: 5. Màn hình hiển thị (Display) | E13: =AVERAGE(INDEX(Data!$A:$N,0,ROW()-ROW($D$9)+1)) -> 2.797619 | F13: =IF(E13>3,"Accept","Reject") -> Reject
D14: 6. Trải nghiệm bàn phím (Keyboard) | E14: =AVERAGE(INDEX(Data!$A:$N,0,ROW()-ROW($D$9)+1)) -> 2.8809524 | F14: =IF(E14>3,"Accept","Reject") -> Reject
D15: 7. Thiết kế và Vật liệu vỏ (Design & Shell Material) | E15: =AVERAGE(INDEX(Data!$A:$N,0,ROW()-ROW($D$9)+1)) -> 2.8333333 | F15: =IF(E15>3,"Accept","Reject") -> Reject
D16: 8. Kích thước và Trọng lượng (Portability) | E16: =AVERAGE(INDEX(Data!$A:$N,0,ROW()-ROW($D$9)+1)) -> 3.9642857 | F16: =IF(E16>3,"Accept","Reject") -> Accept
D17: 9. Độ bền và Chống sốc (Durability) | E17: =AVERAGE(INDEX(Data!$A:$N,0,ROW()-ROW($D$9)+1)) -> 2.3571429 | F17: =IF(E17>3,"Accept","Reject") -> Reject
D18: 10. Thời lượng pin (Battery) | E18: =AVERAGE(INDEX(Data!$A:$N,0,ROW()-ROW($D$9)+1)) -> 4.0238095 | F18: =IF(E18>3,"Accept","Reject") -> Accept
D19: 11. Cổng kết nối đa dụng (Ports) | E19: =AVERAGE(INDEX(Data!$A:$N,0,ROW()-ROW($D$9)+1)) -> 2.6666667 | F19: =IF(E19>3,"Accept","Reject") -> Reject
D20: 12. Tương thích phần mềm (Software Compatibility) | E20: =AVERAGE(INDEX(Data!$A:$N,0,ROW()-ROW($D$9)+1)) -> 2.5357143 | F20: =IF(E20>3,"Accept","Reject") -> Reject
D21: 13. Thương hiệu (Brand) | E21: =AVERAGE(INDEX(Data!$A:$N,0,ROW()-ROW($D$9)+1)) -> 3.7857143 | F21: =IF(E21>3,"Accept","Reject") -> Accept
D22: 14. Bảo hành và Hậu mãi (After-sales) | E22: =AVERAGE(INDEX(Data!$A:$N,0,ROW()-ROW($D$9)+1)) -> 2.3690476 | F22: =IF(E22>3,"Accept","Reject") -> Reject

Sheet AHP - Criteria Weighting
B3: Price | C3: CPU | D3: RAM | E3: SSD | F3: Brand | G3: Weight | H3: Battery | J3: Geo. Mean | K3: Trọng số
A4: Price | B4: 1 | C4: 1 | D4: 5 | E4: 4 | F4: 7 | G4: 8 | H4: 8 | J4: =GEOMEAN(B4:H4) -> 3.6695721 | K4: =J4/SUM(J4:J10) -> 0.33656151
A5: CPU | B5: =1/C4 -> 1 | C5: 1 | D5: 3 | E5: 2 | F5: 7 | G5: 9 | H5: 8 | J5: =GEOMEAN(B5:H5) -> 3.1421432 | K5: =J5/SUM(J4:J10) -> 0.2881874
A6: RAM | B6: =1/D4 -> 0.2 | C6: =1/D5 -> 0.33333333 | D6: 1 | E6: 0.5 | F6: 5 | G6: 6 | H6: 6 | J6: =GEOMEAN(B6:H6) -> 1.2917083 | K6: =J6/SUM(J4:J10) -> 0.11847139
A7: SSD | B7: =1/E4 -> 0.25 | C7: =1/E5 -> 0.5 | D7: =1/E6 -> 2 | E7: 1 | F7: 5 | G7: 7 | H7: 6 | J7: =GEOMEAN(B7:H7) -> 1.7609095 | K7: =J7/SUM(J4:J10) -> 0.16150503
A8: Brand | B8: =1/F4 -> 0.14285714 | C8: =1/F5 -> 0.14285714 | D8: =1/F6 -> 0.2 | E8: =1/F7 -> 0.2 | F8: 1 | G8: 2 | H8: 3 | J8: =GEOMEAN(B8:H8) -> 0.46773747 | K8: =J8/SUM(J4:J10) -> 0.042899397
A9: Weight | B9: =1/G4 -> 0.125 | C9: =1/G5 -> 0.11111111 | D9: =1/G6 -> 0.16666667 | E9: =1/G7 -> 0.14285714 | F9: =1/G8 -> 0.5 | G9: 1 | H9: 1 | J9: =GEOMEAN(B9:H9) -> 0.28825028 | K9: =J9/SUM(J4:J10) -> 0.026437401
A10: Battery | B10: =1/H4 -> 0.125 | C10: =1/H5 -> 0.125 | D10: =1/H6 -> 0.16666667 | E10: =1/H7 -> 0.16666667 | F10: =1/H8 -> 0.33333333 | G10: =1/H9 -> 1 | H10: 1 | J10: =GEOMEAN(B10:H10) -> 0.28280376 | K10: =J10/SUM(J4:J10) -> 0.025937864
A11: Tổng | K11: =SUM(K4:K10) -> 1
A13: w (hàng ngang, phụ trợ SUMPRODUCT) | B13: =K4 -> 0.33656151 | C13: =K5 -> 0.2881874 | D13: =K6 -> 0.11847139 | E13: =K7 -> 0.16150503 | F13: =K8 -> 0.042899397 | G13: =K9 -> 0.026437401 | H13: =K10 -> 0.025937864
A15: KIỂM TRA TÍNH NHẤT QUÁN (CONSISTENCY CHECK)
A16: Tiêu chí | M16: A·w | N16: λi = (A·w)i / wi
A17: Price | M17: =SUMPRODUCT(B4:H4,B13:H13) -> 2.5824239 | N17: =M17/K4 -> 7.6729626
A18: Battery | M18: =SUMPRODUCT(B5:H5,B13:H13) -> 2.0489085 | N18: =M18/K5 -> 7.1096392
A19: RAM | M19: =SUMPRODUCT(B6:H6,B13:H13) -> 0.89134725 | N19: =M19/K6 -> 7.5237342
A20: Weight | M20: =SUMPRODUCT(B7:H7,B13:H13) -> 1.1818679 | N20: =M20/K7 -> 7.3178392
A21: CPU | M21: =SUMPRODUCT(B8:H8,B13:H13) -> 0.31883292 | N21: =M21/K8 -> 7.4321073
A22: SSD | M22: =SUMPRODUCT(B9:H9,B13:H13) -> 0.19073335 | N22: =M22/K9 -> 7.2145273
A23: Brand | M23: =SUMPRODUCT(B10:H10,B13:H13) -> 0.19143142 | N23: =M23/K10 -> 7.3803849
A25: λmax (trung bình λi) | B25: =AVERAGE(N17:N23) -> 7.3787421
A26: n (số tiêu chí) | B26: 7
A27: CI = (λmax - n) / (n - 1) | B27: =(B25-B26)/(B26-1) -> 0.063123683
A28: RI (Random Index, n=7 — Saaty, 1980) | B28: 1.32
A29: CR = CI / RI | B29: =B27/B28 -> 0.047820972
A30: Kết luận | B30: =IF(B29<0.1,"Nhất quán (CR<0.10) — trọng số dùng được","KHÔNG nhất quán — cần điều chỉnh lại ma trận") -> Nhất quán (CR<0.10) — trọng số dùng được
