Workbook

Sheet HuongDan
A1: HƯỚNG DẪN ĐIỀN MA TRẬN SO SÁNH CẶP AHP
A3: Bước 1 | B3: Mở sheet ChuyenGia tương ứng với bạn (ChuyenGia1 đến ChuyenGia5).
A4: Bước 2 | B4: Chỉ điền các Ô MÀU VÀNG (nửa trên bên phải ma trận). Nửa dưới tự động tính nghịch đảo.
A5: Bước 3 | B5: Mỗi ô trả lời câu hỏi: tiêu chí ở HÀNG quan trọng hơn tiêu chí ở CỘT bao nhiêu lần? Dùng thang Saaty bên dưới.
A6: Bước 4 | B6: Xem ô CR cuối sheet. CR phải NHỎ HƠN HOẶC BẰNG 0.1 (ô sẽ đỏ nếu vượt). Nếu đỏ, xem lại các cặp mâu thuẫn.
A8: THANG SAATY 1-9
A9: 1 | B9: Hai tiêu chí quan trọng như nhau
A10: 3 | B10: Hàng hơi quan trọng hơn cột
A11: 5 | B11: Hàng quan trọng hơn cột rõ rệt
A12: 7 | B12: Hàng quan trọng hơn cột rất nhiều
A13: 9 | B13: Hàng quan trọng hơn cột tuyệt đối
A14: 2, 4, 6, 8 | B14: Mức trung gian giữa hai mức kề trên
A15: 1/3, 1/5... | B15: Nếu COT quan trọng hơn HANG thì điền nghịch đảo, ví dụ 1/5 điền 0.2 hoặc =1/5
A17: LƯU Ý | B17: File đang để tạm 8 tiêu chí C1-C8. Sau khi chốt bộ tiêu chí ở Phase 3, nhờ AI cập nhật tên tiêu chí và số hàng cột trước khi gửi chuyên gia.
B18: Danh sách tiêu chí (cập nhật sau Phase 3):
A19: C1 | B19: [tên tiêu chí - điền sau Phase 3]
A20: C2 | B20: [tên tiêu chí - điền sau Phase 3]
A21: C3 | B21: [tên tiêu chí - điền sau Phase 3]
A22: C4 | B22: [tên tiêu chí - điền sau Phase 3]
A23: C5 | B23: [tên tiêu chí - điền sau Phase 3]
A24: C6 | B24: [tên tiêu chí - điền sau Phase 3]
A25: C7 | B25: [tên tiêu chí - điền sau Phase 3]
A26: C8 | B26: [tên tiêu chí - điền sau Phase 3]

Sheet ChuyenGia1
A1: ChuyenGia1 - chỉ điền các ô MÀU VÀNG
B3: C1 | C3: C2 | D3: C3 | E3: C4 | F3: C5 | G3: C6 | H3: C7 | I3: C8 | K3: GM hàng | L3: Trọng số | M3: λ_i
A4: C1 | B4: 1 | C4: 1 | D4: 1 | E4: 1 | F4: 1 | G4: 1 | H4: 1 | I4: 1 | K4: =GEOMEAN(B4:I4) | L4: =K4/SUM(K$4:K$11) | M4: =SUMPRODUCT(B4:I4,L$4:L$11)/L4
A5: C2 | B5: =1/C4 | C5: 1 | D5: 1 | E5: 1 | F5: 1 | G5: 1 | H5: 1 | I5: 1 | K5: =GEOMEAN(B5:I5) | L5: =K5/SUM(K$4:K$11) | M5: =SUMPRODUCT(B5:I5,L$4:L$11)/L5
A6: C3 | B6: =1/D4 | C6: =1/D5 | D6: 1 | E6: 1 | F6: 1 | G6: 1 | H6: 1 | I6: 1 | K6: =GEOMEAN(B6:I6) | L6: =K6/SUM(K$4:K$11) | M6: =SUMPRODUCT(B6:I6,L$4:L$11)/L6
A7: C4 | B7: =1/E4 | C7: =1/E5 | D7: =1/E6 | E7: 1 | F7: 1 | G7: 1 | H7: 1 | I7: 1 | K7: =GEOMEAN(B7:I7) | L7: =K7/SUM(K$4:K$11) | M7: =SUMPRODUCT(B7:I7,L$4:L$11)/L7
A8: C5 | B8: =1/F4 | C8: =1/F5 | D8: =1/F6 | E8: =1/F7 | F8: 1 | G8: 1 | H8: 1 | I8: 1 | K8: =GEOMEAN(B8:I8) | L8: =K8/SUM(K$4:K$11) | M8: =SUMPRODUCT(B8:I8,L$4:L$11)/L8
A9: C6 | B9: =1/G4 | C9: =1/G5 | D9: =1/G6 | E9: =1/G7 | F9: =1/G8 | G9: 1 | H9: 1 | I9: 1 | K9: =GEOMEAN(B9:I9) | L9: =K9/SUM(K$4:K$11) | M9: =SUMPRODUCT(B9:I9,L$4:L$11)/L9
A10: C7 | B10: =1/H4 | C10: =1/H5 | D10: =1/H6 | E10: =1/H7 | F10: =1/H8 | G10: =1/H9 | H10: 1 | I10: 1 | K10: =GEOMEAN(B10:I10) | L10: =K10/SUM(K$4:K$11) | M10: =SUMPRODUCT(B10:I10,L$4:L$11)/L10
A11: C8 | B11: =1/I4 | C11: =1/I5 | D11: =1/I6 | E11: =1/I7 | F11: =1/I8 | G11: =1/I9 | H11: =1/I10 | I11: 1 | K11: =GEOMEAN(B11:I11) | L11: =K11/SUM(K$4:K$11) | M11: =SUMPRODUCT(B11:I11,L$4:L$11)/L11
K13: λmax | L13: =AVERAGE(M4:M11)
K14: CI | L14: =(L13-8)/(8-1)
K15: CR | L15: =L14/1.41
K16: Đạt khi CR ≤ 0.1

Sheet ChuyenGia2
A1: ChuyenGia2 - chỉ điền các ô MÀU VÀNG
B3: C1 | C3: C2 | D3: C3 | E3: C4 | F3: C5 | G3: C6 | H3: C7 | I3: C8 | K3: GM hàng | L3: Trọng số | M3: λ_i
A4: C1 | B4: 1 | C4: 1 | D4: 1 | E4: 1 | F4: 1 | G4: 1 | H4: 1 | I4: 1 | K4: =GEOMEAN(B4:I4) | L4: =K4/SUM(K$4:K$11) | M4: =SUMPRODUCT(B4:I4,L$4:L$11)/L4
A5: C2 | B5: =1/C4 | C5: 1 | D5: 1 | E5: 1 | F5: 1 | G5: 1 | H5: 1 | I5: 1 | K5: =GEOMEAN(B5:I5) | L5: =K5/SUM(K$4:K$11) | M5: =SUMPRODUCT(B5:I5,L$4:L$11)/L5
A6: C3 | B6: =1/D4 | C6: =1/D5 | D6: 1 | E6: 1 | F6: 1 | G6: 1 | H6: 1 | I6: 1 | K6: =GEOMEAN(B6:I6) | L6: =K6/SUM(K$4:K$11) | M6: =SUMPRODUCT(B6:I6,L$4:L$11)/L6
A7: C4 | B7: =1/E4 | C7: =1/E5 | D7: =1/E6 | E7: 1 | F7: 1 | G7: 1 | H7: 1 | I7: 1 | K7: =GEOMEAN(B7:I7) | L7: =K7/SUM(K$4:K$11) | M7: =SUMPRODUCT(B7:I7,L$4:L$11)/L7
A8: C5 | B8: =1/F4 | C8: =1/F5 | D8: =1/F6 | E8: =1/F7 | F8: 1 | G8: 1 | H8: 1 | I8: 1 | K8: =GEOMEAN(B8:I8) | L8: =K8/SUM(K$4:K$11) | M8: =SUMPRODUCT(B8:I8,L$4:L$11)/L8
A9: C6 | B9: =1/G4 | C9: =1/G5 | D9: =1/G6 | E9: =1/G7 | F9: =1/G8 | G9: 1 | H9: 1 | I9: 1 | K9: =GEOMEAN(B9:I9) | L9: =K9/SUM(K$4:K$11) | M9: =SUMPRODUCT(B9:I9,L$4:L$11)/L9
A10: C7 | B10: =1/H4 | C10: =1/H5 | D10: =1/H6 | E10: =1/H7 | F10: =1/H8 | G10: =1/H9 | H10: 1 | I10: 1 | K10: =GEOMEAN(B10:I10) | L10: =K10/SUM(K$4:K$11) | M10: =SUMPRODUCT(B10:I10,L$4:L$11)/L10
A11: C8 | B11: =1/I4 | C11: =1/I5 | D11: =1/I6 | E11: =1/I7 | F11: =1/I8 | G11: =1/I9 | H11: =1/I10 | I11: 1 | K11: =GEOMEAN(B11:I11) | L11: =K11/SUM(K$4:K$11) | M11: =SUMPRODUCT(B11:I11,L$4:L$11)/L11
K13: λmax | L13: =AVERAGE(M4:M11)
K14: CI | L14: =(L13-8)/(8-1)
K15: CR | L15: =L14/1.41
K16: Đạt khi CR ≤ 0.1

Sheet ChuyenGia3
A1: ChuyenGia3 - chỉ điền các ô MÀU VÀNG
B3: C1 | C3: C2 | D3: C3 | E3: C4 | F3: C5 | G3: C6 | H3: C7 | I3: C8 | K3: GM hàng | L3: Trọng số | M3: λ_i
A4: C1 | B4: 1 | C4: 1 | D4: 1 | E4: 1 | F4: 1 | G4: 1 | H4: 1 | I4: 1 | K4: =GEOMEAN(B4:I4) | L4: =K4/SUM(K$4:K$11) | M4: =SUMPRODUCT(B4:I4,L$4:L$11)/L4
A5: C2 | B5: =1/C4 | C5: 1 | D5: 1 | E5: 1 | F5: 1 | G5: 1 | H5: 1 | I5: 1 | K5: =GEOMEAN(B5:I5) | L5: =K5/SUM(K$4:K$11) | M5: =SUMPRODUCT(B5:I5,L$4:L$11)/L5
A6: C3 | B6: =1/D4 | C6: =1/D5 | D6: 1 | E6: 1 | F6: 1 | G6: 1 | H6: 1 | I6: 1 | K6: =GEOMEAN(B6:I6) | L6: =K6/SUM(K$4:K$11) | M6: =SUMPRODUCT(B6:I6,L$4:L$11)/L6
A7: C4 | B7: =1/E4 | C7: =1/E5 | D7: =1/E6 | E7: 1 | F7: 1 | G7: 1 | H7: 1 | I7: 1 | K7: =GEOMEAN(B7:I7) | L7: =K7/SUM(K$4:K$11) | M7: =SUMPRODUCT(B7:I7,L$4:L$11)/L7
A8: C5 | B8: =1/F4 | C8: =1/F5 | D8: =1/F6 | E8: =1/F7 | F8: 1 | G8: 1 | H8: 1 | I8: 1 | K8: =GEOMEAN(B8:I8) | L8: =K8/SUM(K$4:K$11) | M8: =SUMPRODUCT(B8:I8,L$4:L$11)/L8
A9: C6 | B9: =1/G4 | C9: =1/G5 | D9: =1/G6 | E9: =1/G7 | F9: =1/G8 | G9: 1 | H9: 1 | I9: 1 | K9: =GEOMEAN(B9:I9) | L9: =K9/SUM(K$4:K$11) | M9: =SUMPRODUCT(B9:I9,L$4:L$11)/L9
A10: C7 | B10: =1/H4 | C10: =1/H5 | D10: =1/H6 | E10: =1/H7 | F10: =1/H8 | G10: =1/H9 | H10: 1 | I10: 1 | K10: =GEOMEAN(B10:I10) | L10: =K10/SUM(K$4:K$11) | M10: =SUMPRODUCT(B10:I10,L$4:L$11)/L10
A11: C8 | B11: =1/I4 | C11: =1/I5 | D11: =1/I6 | E11: =1/I7 | F11: =1/I8 | G11: =1/I9 | H11: =1/I10 | I11: 1 | K11: =GEOMEAN(B11:I11) | L11: =K11/SUM(K$4:K$11) | M11: =SUMPRODUCT(B11:I11,L$4:L$11)/L11
K13: λmax | L13: =AVERAGE(M4:M11)
K14: CI | L14: =(L13-8)/(8-1)
K15: CR | L15: =L14/1.41
K16: Đạt khi CR ≤ 0.1

Sheet ChuyenGia4
A1: ChuyenGia4 - chỉ điền các ô MÀU VÀNG
B3: C1 | C3: C2 | D3: C3 | E3: C4 | F3: C5 | G3: C6 | H3: C7 | I3: C8 | K3: GM hàng | L3: Trọng số | M3: λ_i
A4: C1 | B4: 1 | C4: 1 | D4: 1 | E4: 1 | F4: 1 | G4: 1 | H4: 1 | I4: 1 | K4: =GEOMEAN(B4:I4) | L4: =K4/SUM(K$4:K$11) | M4: =SUMPRODUCT(B4:I4,L$4:L$11)/L4
A5: C2 | B5: =1/C4 | C5: 1 | D5: 1 | E5: 1 | F5: 1 | G5: 1 | H5: 1 | I5: 1 | K5: =GEOMEAN(B5:I5) | L5: =K5/SUM(K$4:K$11) | M5: =SUMPRODUCT(B5:I5,L$4:L$11)/L5
A6: C3 | B6: =1/D4 | C6: =1/D5 | D6: 1 | E6: 1 | F6: 1 | G6: 1 | H6: 1 | I6: 1 | K6: =GEOMEAN(B6:I6) | L6: =K6/SUM(K$4:K$11) | M6: =SUMPRODUCT(B6:I6,L$4:L$11)/L6
A7: C4 | B7: =1/E4 | C7: =1/E5 | D7: =1/E6 | E7: 1 | F7: 1 | G7: 1 | H7: 1 | I7: 1 | K7: =GEOMEAN(B7:I7) | L7: =K7/SUM(K$4:K$11) | M7: =SUMPRODUCT(B7:I7,L$4:L$11)/L7
A8: C5 | B8: =1/F4 | C8: =1/F5 | D8: =1/F6 | E8: =1/F7 | F8: 1 | G8: 1 | H8: 1 | I8: 1 | K8: =GEOMEAN(B8:I8) | L8: =K8/SUM(K$4:K$11) | M8: =SUMPRODUCT(B8:I8,L$4:L$11)/L8
A9: C6 | B9: =1/G4 | C9: =1/G5 | D9: =1/G6 | E9: =1/G7 | F9: =1/G8 | G9: 1 | H9: 1 | I9: 1 | K9: =GEOMEAN(B9:I9) | L9: =K9/SUM(K$4:K$11) | M9: =SUMPRODUCT(B9:I9,L$4:L$11)/L9
A10: C7 | B10: =1/H4 | C10: =1/H5 | D10: =1/H6 | E10: =1/H7 | F10: =1/H8 | G10: =1/H9 | H10: 1 | I10: 1 | K10: =GEOMEAN(B10:I10) | L10: =K10/SUM(K$4:K$11) | M10: =SUMPRODUCT(B10:I10,L$4:L$11)/L10
A11: C8 | B11: =1/I4 | C11: =1/I5 | D11: =1/I6 | E11: =1/I7 | F11: =1/I8 | G11: =1/I9 | H11: =1/I10 | I11: 1 | K11: =GEOMEAN(B11:I11) | L11: =K11/SUM(K$4:K$11) | M11: =SUMPRODUCT(B11:I11,L$4:L$11)/L11
K13: λmax | L13: =AVERAGE(M4:M11)
K14: CI | L14: =(L13-8)/(8-1)
K15: CR | L15: =L14/1.41
K16: Đạt khi CR ≤ 0.1

Sheet ChuyenGia5
A1: ChuyenGia5 - chỉ điền các ô MÀU VÀNG
B3: C1 | C3: C2 | D3: C3 | E3: C4 | F3: C5 | G3: C6 | H3: C7 | I3: C8 | K3: GM hàng | L3: Trọng số | M3: λ_i
A4: C1 | B4: 1 | C4: 1 | D4: 1 | E4: 1 | F4: 1 | G4: 1 | H4: 1 | I4: 1 | K4: =GEOMEAN(B4:I4) | L4: =K4/SUM(K$4:K$11) | M4: =SUMPRODUCT(B4:I4,L$4:L$11)/L4
A5: C2 | B5: =1/C4 | C5: 1 | D5: 1 | E5: 1 | F5: 1 | G5: 1 | H5: 1 | I5: 1 | K5: =GEOMEAN(B5:I5) | L5: =K5/SUM(K$4:K$11) | M5: =SUMPRODUCT(B5:I5,L$4:L$11)/L5
A6: C3 | B6: =1/D4 | C6: =1/D5 | D6: 1 | E6: 1 | F6: 1 | G6: 1 | H6: 1 | I6: 1 | K6: =GEOMEAN(B6:I6) | L6: =K6/SUM(K$4:K$11) | M6: =SUMPRODUCT(B6:I6,L$4:L$11)/L6
A7: C4 | B7: =1/E4 | C7: =1/E5 | D7: =1/E6 | E7: 1 | F7: 1 | G7: 1 | H7: 1 | I7: 1 | K7: =GEOMEAN(B7:I7) | L7: =K7/SUM(K$4:K$11) | M7: =SUMPRODUCT(B7:I7,L$4:L$11)/L7
A8: C5 | B8: =1/F4 | C8: =1/F5 | D8: =1/F6 | E8: =1/F7 | F8: 1 | G8: 1 | H8: 1 | I8: 1 | K8: =GEOMEAN(B8:I8) | L8: =K8/SUM(K$4:K$11) | M8: =SUMPRODUCT(B8:I8,L$4:L$11)/L8
A9: C6 | B9: =1/G4 | C9: =1/G5 | D9: =1/G6 | E9: =1/G7 | F9: =1/G8 | G9: 1 | H9: 1 | I9: 1 | K9: =GEOMEAN(B9:I9) | L9: =K9/SUM(K$4:K$11) | M9: =SUMPRODUCT(B9:I9,L$4:L$11)/L9
A10: C7 | B10: =1/H4 | C10: =1/H5 | D10: =1/H6 | E10: =1/H7 | F10: =1/H8 | G10: =1/H9 | H10: 1 | I10: 1 | K10: =GEOMEAN(B10:I10) | L10: =K10/SUM(K$4:K$11) | M10: =SUMPRODUCT(B10:I10,L$4:L$11)/L10
A11: C8 | B11: =1/I4 | C11: =1/I5 | D11: =1/I6 | E11: =1/I7 | F11: =1/I8 | G11: =1/I9 | H11: =1/I10 | I11: 1 | K11: =GEOMEAN(B11:I11) | L11: =K11/SUM(K$4:K$11) | M11: =SUMPRODUCT(B11:I11,L$4:L$11)/L11
K13: λmax | L13: =AVERAGE(M4:M11)
K14: CI | L14: =(L13-8)/(8-1)
K15: CR | L15: =L14/1.41
K16: Đạt khi CR ≤ 0.1

Sheet TongHop
A1: TongHop - chỉ điền các ô MÀU VÀNG
A2: Ma trận tổng hợp = geometric mean 5 chuyên gia. Trọng số cột màu xanh là KẾT QUẢ CUỐI dùng cho TOPSIS.
B3: C1 | C3: C2 | D3: C3 | E3: C4 | F3: C5 | G3: C6 | H3: C7 | I3: C8 | K3: GM hàng | L3: Trọng số | M3: λ_i
A4: C1 | B4: 1 | C4: =GEOMEAN(ChuyenGia1!C4,ChuyenGia2!C4,ChuyenGia3!C4,ChuyenGia4!C4,ChuyenGia5!C4) | D4: =GEOMEAN(ChuyenGia1!D4,ChuyenGia2!D4,ChuyenGia3!D4,ChuyenGia4!D4,ChuyenGia5!D4) | E4: =GEOMEAN(ChuyenGia1!E4,ChuyenGia2!E4,ChuyenGia3!E4,ChuyenGia4!E4,ChuyenGia5!E4) | F4: =GEOMEAN(ChuyenGia1!F4,ChuyenGia2!F4,ChuyenGia3!F4,ChuyenGia4!F4,ChuyenGia5!F4) | G4: =GEOMEAN(ChuyenGia1!G4,ChuyenGia2!G4,ChuyenGia3!G4,ChuyenGia4!G4,ChuyenGia5!G4) | H4: =GEOMEAN(ChuyenGia1!H4,ChuyenGia2!H4,ChuyenGia3!H4,ChuyenGia4!H4,ChuyenGia5!H4) | I4: =GEOMEAN(ChuyenGia1!I4,ChuyenGia2!I4,ChuyenGia3!I4,ChuyenGia4!I4,ChuyenGia5!I4) | K4: =GEOMEAN(B4:I4) | L4: =K4/SUM(K$4:K$11) | M4: =SUMPRODUCT(B4:I4,L$4:L$11)/L4
A5: C2 | B5: =1/C4 | C5: 1 | D5: =GEOMEAN(ChuyenGia1!D5,ChuyenGia2!D5,ChuyenGia3!D5,ChuyenGia4!D5,ChuyenGia5!D5) | E5: =GEOMEAN(ChuyenGia1!E5,ChuyenGia2!E5,ChuyenGia3!E5,ChuyenGia4!E5,ChuyenGia5!E5) | F5: =GEOMEAN(ChuyenGia1!F5,ChuyenGia2!F5,ChuyenGia3!F5,ChuyenGia4!F5,ChuyenGia5!F5) | G5: =GEOMEAN(ChuyenGia1!G5,ChuyenGia2!G5,ChuyenGia3!G5,ChuyenGia4!G5,ChuyenGia5!G5) | H5: =GEOMEAN(ChuyenGia1!H5,ChuyenGia2!H5,ChuyenGia3!H5,ChuyenGia4!H5,ChuyenGia5!H5) | I5: =GEOMEAN(ChuyenGia1!I5,ChuyenGia2!I5,ChuyenGia3!I5,ChuyenGia4!I5,ChuyenGia5!I5) | K5: =GEOMEAN(B5:I5) | L5: =K5/SUM(K$4:K$11) | M5: =SUMPRODUCT(B5:I5,L$4:L$11)/L5
A6: C3 | B6: =1/D4 | C6: =1/D5 | D6: 1 | E6: =GEOMEAN(ChuyenGia1!E6,ChuyenGia2!E6,ChuyenGia3!E6,ChuyenGia4!E6,ChuyenGia5!E6) | F6: =GEOMEAN(ChuyenGia1!F6,ChuyenGia2!F6,ChuyenGia3!F6,ChuyenGia4!F6,ChuyenGia5!F6) | G6: =GEOMEAN(ChuyenGia1!G6,ChuyenGia2!G6,ChuyenGia3!G6,ChuyenGia4!G6,ChuyenGia5!G6) | H6: =GEOMEAN(ChuyenGia1!H6,ChuyenGia2!H6,ChuyenGia3!H6,ChuyenGia4!H6,ChuyenGia5!H6) | I6: =GEOMEAN(ChuyenGia1!I6,ChuyenGia2!I6,ChuyenGia3!I6,ChuyenGia4!I6,ChuyenGia5!I6) | K6: =GEOMEAN(B6:I6) | L6: =K6/SUM(K$4:K$11) | M6: =SUMPRODUCT(B6:I6,L$4:L$11)/L6
A7: C4 | B7: =1/E4 | C7: =1/E5 | D7: =1/E6 | E7: 1 | F7: =GEOMEAN(ChuyenGia1!F7,ChuyenGia2!F7,ChuyenGia3!F7,ChuyenGia4!F7,ChuyenGia5!F7) | G7: =GEOMEAN(ChuyenGia1!G7,ChuyenGia2!G7,ChuyenGia3!G7,ChuyenGia4!G7,ChuyenGia5!G7) | H7: =GEOMEAN(ChuyenGia1!H7,ChuyenGia2!H7,ChuyenGia3!H7,ChuyenGia4!H7,ChuyenGia5!H7) | I7: =GEOMEAN(ChuyenGia1!I7,ChuyenGia2!I7,ChuyenGia3!I7,ChuyenGia4!I7,ChuyenGia5!I7) | K7: =GEOMEAN(B7:I7) | L7: =K7/SUM(K$4:K$11) | M7: =SUMPRODUCT(B7:I7,L$4:L$11)/L7
A8: C5 | B8: =1/F4 | C8: =1/F5 | D8: =1/F6 | E8: =1/F7 | F8: 1 | G8: =GEOMEAN(ChuyenGia1!G8,ChuyenGia2!G8,ChuyenGia3!G8,ChuyenGia4!G8,ChuyenGia5!G8) | H8: =GEOMEAN(ChuyenGia1!H8,ChuyenGia2!H8,ChuyenGia3!H8,ChuyenGia4!H8,ChuyenGia5!H8) | I8: =GEOMEAN(ChuyenGia1!I8,ChuyenGia2!I8,ChuyenGia3!I8,ChuyenGia4!I8,ChuyenGia5!I8) | K8: =GEOMEAN(B8:I8) | L8: =K8/SUM(K$4:K$11) | M8: =SUMPRODUCT(B8:I8,L$4:L$11)/L8
A9: C6 | B9: =1/G4 | C9: =1/G5 | D9: =1/G6 | E9: =1/G7 | F9: =1/G8 | G9: 1 | H9: =GEOMEAN(ChuyenGia1!H9,ChuyenGia2!H9,ChuyenGia3!H9,ChuyenGia4!H9,ChuyenGia5!H9) | I9: =GEOMEAN(ChuyenGia1!I9,ChuyenGia2!I9,ChuyenGia3!I9,ChuyenGia4!I9,ChuyenGia5!I9) | K9: =GEOMEAN(B9:I9) | L9: =K9/SUM(K$4:K$11) | M9: =SUMPRODUCT(B9:I9,L$4:L$11)/L9
A10: C7 | B10: =1/H4 | C10: =1/H5 | D10: =1/H6 | E10: =1/H7 | F10: =1/H8 | G10: =1/H9 | H10: 1 | I10: =GEOMEAN(ChuyenGia1!I10,ChuyenGia2!I10,ChuyenGia3!I10,ChuyenGia4!I10,ChuyenGia5!I10) | K10: =GEOMEAN(B10:I10) | L10: =K10/SUM(K$4:K$11) | M10: =SUMPRODUCT(B10:I10,L$4:L$11)/L10
A11: C8 | B11: =1/I4 | C11: =1/I5 | D11: =1/I6 | E11: =1/I7 | F11: =1/I8 | G11: =1/I9 | H11: =1/I10 | I11: 1 | K11: =GEOMEAN(B11:I11) | L11: =K11/SUM(K$4:K$11) | M11: =SUMPRODUCT(B11:I11,L$4:L$11)/L11
K13: λmax | L13: =AVERAGE(M4:M11)
K14: CI | L14: =(L13-8)/(8-1)
K15: CR | L15: =L14/1.41
K16: Đạt khi CR ≤ 0.1
